{
    "cpu": {
        "_cachewarmer": 4.656612873077393e-10,
        "add": 4.656612873077393e-10,
        "add_f": 4.656612873077393e-10,
        "and": 4.656612873077393e-10,
        "br": 4.656612873077393e-10,
        "call": 4.656612873077393e-10,
        "div_f": 4.656612873077393e-10,
        "eq": 4.656612873077393e-10,
        "getelementptr": 4.656612873077393e-10,
        "load": 4.656612873077393e-10,
        "mul": 4.656612873077393e-10,
        "mul_f": 4.656612873077393e-10,
        "ne": 4.656612873077393e-10,
        "or": 4.656612873077393e-10,
        "rem_f": 4.656612873077393e-10,
        "sdiv": 4.656612873077393e-10,
        "select": 4.656612873077393e-10,
        "sext": 4.656612873077393e-10,
        "sge": 4.656612873077393e-10,
        "sgt": 4.656612873077393e-10,
        "shl": 4.656612873077393e-10,
        "shr": 4.656612873077393e-10,
        "sle": 4.656612873077393e-10,
        "slt": 4.656612873077393e-10,
        "srem": 4.656612873077393e-10,
        "store": 4.656612873077393e-10,
        "sub": 4.656612873077393e-10,
        "sub_f": 4.656612873077393e-10,
        "udiv": 4.656612873077393e-10,
        "uge": 4.656612873077393e-10,
        "ugt": 4.656612873077393e-10,
        "ule": 4.656612873077393e-10,
        "ult": 4.656612873077393e-10,
        "urem": 4.656612873077393e-10,
        "xor": 4.656612873077393e-10,
        "zext": 4.656612873077393e-10
    },
    "meta": {
        "architecture": "23",
        "cores": "12",
        "end": "1763467751163857302",
        "iterations": 100,
        "name": "AMD Ryzen 5 PRO 4650U with Radeon Graphics",
        "raplunit": 4.656612873077393e-10,
        "start": "1763467744945449446",
        "version": "2.0.0"
    }
}