{
    "cpu": {
        "architecture": "6",
        "cores": "12",
        "name": "11th Gen Intel(R) Core(TM) i5-11400F @ 2.60GHz"
    },
    "endOfExecution": "1754946987335648393",
    "iterationsString": "1000",
    "profile": {
        "_cachewarmer": 0.005926004730070676,
        "add": 0.004056653715470496,
        "add_f": 0.003215064520134321,
        "and": 0.004761914637991943,
        "call": 0.005270144714540216,
        "div_f": 0.00566790177417064,
        "eq": 0.009826822539574974,
        "mul": 0.004450678453739913,
        "mul_f": 0.005417762335630016,
        "ne": 0.0037112045854093,
        "or": 0.0032789204737165567,
        "rem_f": 0.006792051100529786,
        "sdiv": 0.0030756444563571975,
        "select": 0.0043343113253657695,
        "sext": 0.00516874998423307,
        "sge": 0.004643225586922907,
        "sgt": 0.0042676653691819805,
        "shl": 0.003504652008703313,
        "shr": 0.0040481605287430444,
        "sle": 0.0005085094798499001,
        "slt": 0.0037156882981993974,
        "srem": 0.0014319510693901402,
        "sub": 1.000000000001e-06,
        "sub_f": 0.001714184776267634,
        "udiv": 0.003435025122587622,
        "uge": 0.006861000502570012,
        "ugt": 0.002272979800627496,
        "ule": 0.004732641166987267,
        "ult": 0.0034397551932233844,
        "urem": 0.0006336407885816214,
        "xor": 0.0032304865212695252,
        "zext": 0.004224743673530519
    },
    "startOfExecution": "1754946955276333072",
    "unit": "0.000061"
}