{
    "cpu": {
        "_cachewarmer": 0.0206327138671875,
        "add": 0.005024193359374998,
        "add_64": 0.007781761718749999,
        "add_f": 0.0127616201171875,
        "and": 0.0029465566406250004,
        "br": 0.005730370117187501,
        "call": 0.0005899892578124996,
        "div_f": 0.0021988759765625004,
        "eq": 0.005287865234375001,
        "getelementptr": 0.004142845703124998,
        "load": 0.0008792958984375002,
        "mul": 0.00027199609375000086,
        "mul_f": 0.0013999257812499985,
        "ne": 0.0025254140624999984,
        "or": 0.0015097890624999992,
        "rem_f": 0.002609642578124998,
        "sdiv": 0.001212547851562499,
        "select": 0.004037254882812501,
        "sext": 1.000000000001e-06,
        "sge": 0.0015140615234374988,
        "sgt": 0.0005637441406249992,
        "shl": 0.002240379882812501,
        "shr": 0.003841942382812498,
        "sle": 0.0122123037109375,
        "slt": 0.0042588125000000004,
        "srem": 0.0033127675781250004,
        "store": 0.00036476953124999975,
        "sub": 0.003279808593749999,
        "sub_f": 0.0016623769531249992,
        "udiv": 0.000901268554687501,
        "uge": 0.0032181630859374998,
        "ugt": 0.001724632812499998,
        "ule": 0.0030802236328125003,
        "ult": 0.0025968251953124993,
        "urem": 0.0022153554687499993,
        "xor": 0.002162254882812499,
        "zext": 0.0030094228515624988
    },
    "meta": {
        "architecture": "6",
        "cores": "12",
        "end": "1762704913511978459",
        "iterations": 100,
        "name": "11th Gen Intel(R) Core(TM) i5-11400F @ 2.60GHz",
        "raplunit": 6.103515625e-05,
        "start": "1762704910352677036",
        "version": "2.0.0"
    }
}