{
    "cpu": {
        "_cachewarmer": 0.022179955078125,
        "add": 0.00290871484375,
        "add_64": 0.008415916992187501,
        "add_f": 0.011288231445312498,
        "and": 0.005986717773437501,
        "br": 0.0060428701171875016,
        "call": 0.0021250234374999982,
        "div_f": 0.0014981923828124993,
        "eq": 0.004546898437499999,
        "getelementptr": 0.0019168935546875002,
        "load": 0.0020676503906249984,
        "mul": 0.0024472890625,
        "mul_f": 0.0022867666015625003,
        "ne": 0.007530907226562501,
        "or": 0.0011637197265624982,
        "rem_f": 0.0024704824218749998,
        "sdiv": 0.0036624990234375016,
        "select": 0.0038144765624999986,
        "sext": 0.004108055664062499,
        "sge": 0.0031064687500000007,
        "sgt": 0.0036148916015624998,
        "shl": 0.0028012929687500007,
        "shr": 0.0006198964843750002,
        "sle": 0.0029374013671874984,
        "slt": 0.0002628408203124988,
        "srem": 0.0038761220703125016,
        "store": 0.002427147460937501,
        "sub": 0.0040500722656249995,
        "sub_f": 0.003562401367187499,
        "udiv": 1.000000000001e-06,
        "uge": 0.002646874023437499,
        "ugt": 0.0026633535156250013,
        "ule": 0.0029245839843749996,
        "ult": 0.0006070791015625014,
        "urem": 0.001440208984375,
        "xor": 0.003081444335937499,
        "zext": 0.0023478017578125003
    },
    "meta": {
        "architecture": "6",
        "cores": "12",
        "end": "1762983082018895577",
        "iterations": 100,
        "name": "11th Gen Intel(R) Core(TM) i5-11400F @ 2.60GHz",
        "raplunit": 6.103515625e-05,
        "start": "1762983078605603569",
        "version": "2.0.0"
    }
}